email,
http://Activescapesutah.com/contact-us,
http://Christensen-Landscaping.com/contact-us,
http://Vizionlandscaping.com/contact-us,
http://a-c-e-inc.net/contact-us,
http://acesspray.com/contact-us,
http://ajalandscaping.com/contact-us,
http://allseasonsutah.com/contact-us,
http://americasbesttrees.com/contact-us,
http://andrescapes.com/contact-us,
http://aoki-landscaping.com/contact-us,
http://appletreelandscape.net/contact-us,
http://arborlandscaping.com/contact-us,
http://aspenlandscapedesign.com/contact-us,
http://bearlake.com/contact-us,
http://beautynthebesths.wixsite.com/website/contact-us,
http://behunintree.com/contact-us,
http://bradshawlandscape.com/contact-us,
http://brothershomeandlawnutah.com/contact-us,
http://burkeslandscaping.com/contact-us,
http://bushmanlandscaping.blogspot.com/contact-us,
http://canyonlandscape.com/contact-us,
http://canyonlandscaping.com/contact-us,
http://caribbeanlandscaping.net/contact-us,
http://coolclippingsllc.com/contact-us,
http://danslandscaping.com/contact-us,
http://decorativeinc.com/contact-us,
http://dojedallc.com/contact-us,
http://dsklawncare.com/contact-us,
http://eclipselandscape.com/contact-us,
http://edgeut.com/contact-us,
http://elementalinnovations-llc.com/contact-us,
http://g2green.com/contact-us,
http://gandccontracting.com/contact-us,
http://goldenlinesutah.com/wp/contact-us,
http://grassplusinc.com/contact-us,
http://greenboxrecycling.com/contact-us,
http://highdesertlandscape.com/contact-us,
http://iamcurbing.com/contact-us,
http://jacknealslandscaping.com/contact-us,
http://jrsconstructionutah.com/contact-us,
http://kjexcavation.com/contact-us,
http://kuhnilandscaping.net/contact-us,
http://landaservices.com/contact-us,
http://landscapecompaniesfarmington.com/contact-us,
http://lawncareut.info//contact-us,
http://lawnloyalty.com/contact-us,
http://mlmlandscape.com/contact-us,
http://mountainlandsprinklers.com/contact-us,
http://mountainouslandscaping.com/contact-us,
http://narrowleaflandscapes.com/contact-us,
http://nyestreeservice.com/contact-us,
http://oasislandscapingmaintenanceandconstruction.us/contact-us,
http://parkcitybuildingservices.com/contact-us,
http://parkwaylandscaping.com/contact-us,
http://pointoviewlandscape.com/contact-us,
http://premierlandscapes.net/contact-us,
http://probrothers-landscaping.com/contact-us,
http://rasmussenlandscapes.com/contact-us,
http://redcedarrocklandscape.com/contact-us,
http://rjlandscapingofutah.com/contact-us,
http://rockandwallsofutah.com/contact-us,
http://rockscapesutah.com/contact-us,
http://saltlakelandscape.com/contact-us,
http://sandypropertymaintenance.com/contact-us,
http://scenicviewlandscape.com/contact-us,
http://shawnameldrum.wix.com/fourleaf/contact-us,
http://smithlandscaping.net/contact-us,
http://sonicsolutionsutah.com/contact-us,
http://stgeorgepoolslandscaping.com/contact-us,
http://stonetreestg.com/#98nor7/contact-us,
http://stronglandscape.com/contact-us,
http://sunlinelandscape.com/contact-us,
http://terraworkslandscapingutah.com/contact-us,
http://terrenolandscaping.com/contact-us,
http://thaynturf.com/contact-us,
http://thehonestlandscapingllc.com/contact-us,
http://timstreecaresaltlake.com/contact-us,
http://truebluelandscape.net/contact-us,
http://ttlandscaping.construction/contact-us,
http://utahlawn.com/contact-us,
http://utahlawncare.net/contact-us/contact-us,
http://virgilslawncarellc.com/contact-us,
http://visionlandscapesinc.com/contact-us,
http://westernsunlandscape.com/contact-us,
http://westjordanlandscapecompanies.com/contact-us,
http://willowvalleyretirement.com/contact-us,
http://winlandscapeservices.net/contact-us,
http://woodwardco.com/contact-us,
http://www.MagnaLawn.com/contact-us,
http://www.SaltLakeLandscapers.com/contact-us,
http://www.acesfulloflawncare.com/contact-us,
http://www.actionsnowplow.com/contact-us,
http://www.adlandscapes.com/contact-us,
http://www.agtrac.net/contact-us,
http://www.alderlandscaping.com/contact-us,
http://www.allseasonsutah.com/contact-us,
http://www.anchored.biz/contact-us,
http://www.aoki-landscaping.com/contact-us,
http://www.apluslandcare.com/contact-us,
http://www.apluslandcare.com//contact-us,
http://www.aposhiangardens.com/contact-us,
http://www.aquadocinc.com/contact-us,
http://www.atozlandscaping.com/contact-us,
http://www.automated-rain.com/contact-us,
http://www.backyardgreens.com/contact-us,
http://www.bearlakelandscape.com/contact-us,
http://www.berg-la.com/contact-us,
http://www.billssprinklers.com/contact-us,
http://www.blackdiamondut.com/contact-us,
http://www.blandtreeexperts.biz/contact-us,
http://www.bockholtla.com/contact-us,
http://www.bockholtlandscapearchitecture.com/contact-us,
http://www.bonnevillesprinkling.com/contact-us,
http://www.bonnevillesprinkling.com//contact-us,
http://www.buhlerlandscape.com/contact-us,
http://www.butterssps.com/contact-us,
http://www.bytendorpenterpriseslandscaping.us/contact-us,
http://www.chrisjensenlandscaping.com/contact-us,
http://www.civilsolutionsgroup.net/contact-us,
http://www.classicsprinklers.com/contact-us,
http://www.creativespaceslandscaping.com/contact-us,
http://www.croftnow.com/contact-us,
http://www.curbingriverton.com/contact-us,
http://www.cutztreez.com/contact-us,
http://www.denkerspropertymaintenance.com/contact-us,
http://www.detailedlandscapeutah.com/contact-us,
http://www.dexknows.com/rd?dku=/contact-us,
http://www.discounttreellc.com/contact-us,
http://www.duracurbutah.com/contact-us,
http://www.earthscapesutah.com/contact-us,
http://www.eclipselandscape.com/contact-us,
http://www.enterprise.com/contact-us,
http://www.ericksonlandscaping.com/contact-us,
http://www.evergreenelandscape.com/contact-us,
http://www.evergreenelawn.com/contact-us,
http://www.extremerockwallsandlandscaping.com/contact-us,
http://www.facerexcavation.com/contact-us,
http://www.ffkr.com/contact-us,
http://www.fourseasonslandscapingllc.com/contact-us,
http://www.fredericolandscapes.com/contact-us,
http://www.fullmerbrothers.com/contact-us,
http://www.getgreenside.com/contact-us,
http://www.ggsprinklingandlandscaping.com/contact-us,
http://www.gilsonsprinklers.com/contact-us,
http://www.glovernursery.com/contact-us,
http://www.gotwaterfalls.com/contact-us,
http://www.granadosdxlandscaping.com/contact-us,
http://www.graniteviewlandscape.com/contact-us,
http://www.grassligroup.com/contact-us,
http://www.greatwesternlandscape.com/contact-us,
http://www.greenlawnutah.live/contact-us,
http://www.greenleaflandscaping.biz/contact-us,
http://www.greenseasonslandscape.com/contact-us,
http://www.greenutahlandscaping.com//contact-us,
http://www.hardscapedesignz.com/contact-us,
http://www.hoffmanslawncare.com/contact-us,
http://www.humanstruct.com/contact-us,
http://www.hummellandscapinginc.com/contact-us,
http://www.huskiezlandscaping.com/contact-us,
http://www.hydralawn.com/contact-us,
http://www.imagine-landscape.com/contact-us,
http://www.impressionscape.com/contact-us,
http://www.intermountainmaterial.com/contact-us,
http://www.ironwoodlandscapingllc.com/contact-us,
http://www.jacknealslandscaping.com/contact-us,
http://www.jimpufferlandscape.com/contact-us,
http://www.johansonsurvey.com/contact-us,
http://www.kapexcavating.com/contact-us,
http://www.kappuslandscape.com/contact-us,
http://www.kimballpm.com//contact-us,
http://www.kuhnilandscaping.net/contact-us,
http://www.landdesignbyarmstrong.com/contact-us,
http://www.landex.net/contact-us,
http://www.landscape-utah.com/contact-us,
http://www.landscape-utah.com//contact-us,
http://www.landscapeplus.com/contact-us,
http://www.laughlindesign.net/contact-us,
http://www.lawnbutler.net/contact-us,
http://www.letstalkdirt.com/contact-us,
http://www.lindennursery.com/contact-us,
http://www.lindsaylandscaping.com/contact-us,
http://www.loci-slc.com/contact-us,
http://www.lotuslandscapingut.com/contact-us,
http://www.lovelandlandscape.com/contact-us,
http://www.mayflowersutah.com/contact-us,
http://www.mckaylandscape.com/contact-us,
http://www.mcneilengineering.com/contact-us,
http://www.mcraelandscape.com/contact-us,
http://www.mdpropertyinc.com/contact-us,
http://www.methodgreen.com/contact-us,
http://www.mhtn.com/contact-us,
http://www.mplutah.com/contact-us,
http://www.mtnscape.com/contact-us,
http://www.mulchut.com/contact-us,
http://www.myvisionlandscaping.com/contact-us,
http://www.obrienscape.com/contact-us,
http://www.olympusirrigation.com//contact-us,
http://www.ortegaslandscapingllc.net/contact-us,
http://www.pandilandscape.com/contact-us,
http://www.pebblecreeklandscape.com/contact-us,
http://www.pendletondm.com/contact-us,
http://www.pittlandscape.com/contact-us,
http://www.pointoviewlandscape.com/contact-us,
http://www.precisionlandscaper.com/contact-us,
http://www.premierlandscapes.net/contact-us,
http://www.prestigesprinklerrepairs.com/contact-us,
http://www.pro-yard.com/contact-us,
http://www.progreen-intermountain.com/contact-us,
http://www.prosecutive.com/contact-us,
http://www.rciromerolandscape.com/contact-us,
http://www.richterlandscapeinc.com/contact-us,
http://www.rockscapesutah.com/contact-us,
http://www.rocksolidexcavation.com/contact-us,
http://www.rollinslandscaping.com/contact-us,
http://www.rothlandscape.com/contact-us,
http://www.sagesway.net/contact-us,
http://www.saltlaketopsoil.com/contact-us,
http://www.sbiwaterfalls.com/contact-us,
http://www.secondnaturescapes.com/contact-us,
http://www.senske.com/locations/salt-lake-city/contact-us,
http://www.simplytreesut.com/contact-us,
http://www.singletonlandscaping.com/contact-us,
http://www.slcscapes.com/contact-us,
http://www.slcsprinklerrepair.com/contact-us,
http://www.sonicutah.com/contact-us,
http://www.splashpadsusa.com/contact-us,
http://www.steve-n-son.com/contact-us,
http://www.studyearthology.com/contact-us,
http://www.summitgeostructures.com/contact-us,
http://www.sunscapelandscapes.com/contact-us,
http://www.sunsetslandscaping.com/contact-us,
http://www.superiorrockwork.com/contact-us,
http://www.superiorsprinkling.com/contact-us,
http://www.terra-scape.com/contact-us,
http://www.terraworkslandscapingutah.com/contact-us,
http://www.thecurbmasters.net/contact-us,
http://www.thinkaec.com/contact-us,
http://www.tiptonlandscaping.com/contact-us,
http://www.tmreconsulting.com/contact-us,
http://www.trucoutah.com/contact-us,
http://www.tucklandscape.com/contact-us,
http://www.utahcls.com/contact-us,
http://www.utahdreamscapes.com/contact-us,
http://www.utahlawn.com/contact-us,
http://www.valleydesignslandscape.com/contact-us,
http://www.wardlandscapesinc.com/contact-us,
http://www.wasatchlandscapesllc.com/contact-us,
http://www.wasatchlandscaping.com/contact-us,
http://www.westerntimberframe.com/pergola-kits/contact-us,
http://www.xeriscapedesign.com/contact-us,
http://www.yardproofutah.com/contact-us,
http://www.zenscapesutah.com/contact-us,
http://www.zollingerfarm.com/contact-us,
http://yard-guru.com//contact-us,
http://yardmasters.com/contact-us,
http://yardmastersinc.net/contact-us,
http://ylclandscaping.com/contact-us,
https://4-corners-landscaping-llc.business.site/contact-us,
https://acelandscaping.info/contact-us,
https://boldlandscaping.com/contact-us,
https://careygardens.com/contact-us,
https://cheaplandscapingllc.com/contact-us,
https://cottonwoodland.com/contact-us,
https://dirtmonkeyslandscaping.com/contact-us,
https://drycreekcompanies.com/contact-us,
https://fallingwaterspc.com/contact-us,
https://fullbloomdesign.com/contact-us,
https://greatvalleylandscaping.com/contact-us,
https://greenlandlandscaping.us/contact-us,
https://groundpursuitsut.com/contact-us,
https://h2olandscapeconnections.com/contact-us,
https://highmarklandscape.com/contact-us,
https://holmesutah.com/contact-us,
https://ingersollyardsandlandscapes.simdif.com/contact-us,
https://jandjservicesutah.com/contact-us,
https://kim17690.wixsite.com/edensgardendesign/contact-us,
https://landformdesigngroup.com/contact-us,
https://landscapinginsaltlake.com/contact-us,
https://landscapingparkcity.com/contact-us,
https://millburnlandscape.com/contact-us,
https://naturecleaningut.com/contact-us,
https://newhorizonlandscape-ut.com/contact-us,
https://olympusmaintenanceofutah.com/contact-us,
https://prestigetreeandlandscape.com/#!home/contact-us,
https://primelandscapingparkcity.com/contact-us,
https://pynecohomeservices.wixsite.com/pyneco/contact-us,
https://rajohnsonsrock.com/contact-us,
https://simplemonkeylawncare.com/contact-us,
https://sprinklersystemmidvale.com/contact-us,
https://staliservicesandlandscaping.com/contact-us,
https://stepaheadlandscapingandlawn.com/contact-us,
https://theamericanlawncare.com/contact-us,
https://thegreenpest.com/contact-us,
https://threepointslandscape.com/contact-us,
https://triplejlandscaping.net/contact-us,
https://tropicaltreeservicelandscaping.com/contact-us,
https://utahlandscape.net/contact-us,
https://vasadadesignutah.com/contact-us,
https://worxutah.com/contact-us,
https://www.aeroscapeutah.com/contact-us,
https://www.allyourlandscapingneeds.com/contact-us,
https://www.asl1.com/contact-us,
https://www.beegreenfertilizing.com/contact-us,
https://www.brotherspropertylandscapingllc.com/contact-us,
https://www.cmtlandscapedesign.com/contact-us,
https://www.curbdirectory.com/pages/84337.htm/contact-us,
https://www.dominioneng.net/contact-us,
https://www.dougstreeslc.com/contact-us,
https://www.greenfieldlandscapingutah.com/contact-us,
https://www.greenscapesutah.com/contact-us,
https://www.j2consultants.com/contact-us,
https://www.jslandscapingservices.com/contact-us,
https://www.kaysvillelandscaping.com/contact-us,
https://www.landscapesupplyofutah.com/contact-us,
https://www.larryslawns.com/contact-us,
https://www.leflerstreeservice.com/contact-us,
https://www.leisurelandscapeirrigation.com/contact-us,
https://www.outdoorsmenllc.com/contact-us,
https://www.platinumlandscape.com/contact-us,
https://www.rasmussenlandscapes.com/Contact/contact-us,
https://www.rockymountainlandscaping.net/contact-us,
https://www.saltlakecityconcretecontractor.com/contact-us,
https://www.sharkscapeconstruction.com/contact-us,
https://www.silversagexeriscape.com/contact-us,
https://www.solterralandscapeutah.com/contact-us,
https://www.supremetreeandlandscape.com/contact-us,
https://www.tetra-solutions.us/contact-us,
https://www.tmmtreeservice.com/contact-us,
https://www.treetrimminginvernalut.com/contact-us,
https://www.tucklandscape.com/contact-us,
https://www.tuxedoyardcare.com/contact-us,
https://www.verahomeimprovement.com/contact-us,
https://www.wagslandscape.com/contact-us,
https://www.westernsunlandscape.com/contact-us,
http://Activescapesutah.com/contact,
http://Christensen-Landscaping.com/contact,
http://Vizionlandscaping.com/contact,
http://a-c-e-inc.net/contact,
http://acesspray.com/contact,
http://ajalandscaping.com/contact,
http://allseasonsutah.com/contact,
http://americasbesttrees.com/contact,
http://andrescapes.com/contact,
http://aoki-landscaping.com/contact,
http://appletreelandscape.net/contact,
http://arborlandscaping.com/contact,
http://aspenlandscapedesign.com/contact,
http://bearlake.com/contact,
http://beautynthebesths.wixsite.com/website/contact,
http://behunintree.com/contact,
http://bradshawlandscape.com/contact,
http://brothershomeandlawnutah.com/contact,
http://burkeslandscaping.com/contact,
http://bushmanlandscaping.blogspot.com/contact,
http://canyonlandscape.com/contact,
http://canyonlandscaping.com/contact,
http://caribbeanlandscaping.net/contact,
http://coolclippingsllc.com/contact,
http://danslandscaping.com/contact,
http://decorativeinc.com/contact,
http://dojedallc.com/contact,
http://dsklawncare.com/contact,
http://eclipselandscape.com/contact,
http://edgeut.com/contact,
http://elementalinnovations-llc.com/contact,
http://g2green.com/contact,
http://gandccontracting.com/contact,
http://goldenlinesutah.com/wp/contact,
http://grassplusinc.com/contact,
http://greenboxrecycling.com/contact,
http://highdesertlandscape.com/contact,
http://iamcurbing.com/contact,
http://jacknealslandscaping.com/contact,
http://jrsconstructionutah.com/contact,
http://kjexcavation.com/contact,
http://kuhnilandscaping.net/contact,
http://landaservices.com/contact,
http://landscapecompaniesfarmington.com/contact,
http://lawncareut.info//contact,
http://lawnloyalty.com/contact,
http://mlmlandscape.com/contact,
http://mountainlandsprinklers.com/contact,
http://mountainouslandscaping.com/contact,
http://narrowleaflandscapes.com/contact,
http://nyestreeservice.com/contact,
http://oasislandscapingmaintenanceandconstruction.us/contact,
http://parkcitybuildingservices.com/contact,
http://parkwaylandscaping.com/contact,
http://pointoviewlandscape.com/contact,
http://premierlandscapes.net/contact,
http://probrothers-landscaping.com/contact,
http://rasmussenlandscapes.com/contact,
http://redcedarrocklandscape.com/contact,
http://rjlandscapingofutah.com/contact,
http://rockandwallsofutah.com/contact,
http://rockscapesutah.com/contact,
http://saltlakelandscape.com/contact,
http://sandypropertymaintenance.com/contact,
http://scenicviewlandscape.com/contact,
http://shawnameldrum.wix.com/fourleaf/contact,
http://smithlandscaping.net/contact,
http://sonicsolutionsutah.com/contact,
http://stgeorgepoolslandscaping.com/contact,
http://stonetreestg.com/#98nor7/contact,
http://stronglandscape.com/contact,
http://sunlinelandscape.com/contact,
http://terraworkslandscapingutah.com/contact,
http://terrenolandscaping.com/contact,
http://thaynturf.com/contact,
http://thehonestlandscapingllc.com/contact,
http://timstreecaresaltlake.com/contact,
http://truebluelandscape.net/contact,
http://ttlandscaping.construction/contact,
http://utahlawn.com/contact,
http://utahlawncare.net/contact-us/contact,
http://virgilslawncarellc.com/contact,
http://visionlandscapesinc.com/contact,
http://westernsunlandscape.com/contact,
http://westjordanlandscapecompanies.com/contact,
http://willowvalleyretirement.com/contact,
http://winlandscapeservices.net/contact,
http://woodwardco.com/contact,
http://www.MagnaLawn.com/contact,
http://www.SaltLakeLandscapers.com/contact,
http://www.acesfulloflawncare.com/contact,
http://www.actionsnowplow.com/contact,
http://www.adlandscapes.com/contact,
http://www.agtrac.net/contact,
http://www.alderlandscaping.com/contact,
http://www.allseasonsutah.com/contact,
http://www.anchored.biz/contact,
http://www.aoki-landscaping.com/contact,
http://www.apluslandcare.com/contact,
http://www.apluslandcare.com//contact,
http://www.aposhiangardens.com/contact,
http://www.aquadocinc.com/contact,
http://www.atozlandscaping.com/contact,
http://www.automated-rain.com/contact,
http://www.backyardgreens.com/contact,
http://www.bearlakelandscape.com/contact,
http://www.berg-la.com/contact,
http://www.billssprinklers.com/contact,
http://www.blackdiamondut.com/contact,
http://www.blandtreeexperts.biz/contact,
http://www.bockholtla.com/contact,
http://www.bockholtlandscapearchitecture.com/contact,
http://www.bonnevillesprinkling.com/contact,
http://www.bonnevillesprinkling.com//contact,
http://www.buhlerlandscape.com/contact,
http://www.butterssps.com/contact,
http://www.bytendorpenterpriseslandscaping.us/contact,
http://www.chrisjensenlandscaping.com/contact,
http://www.civilsolutionsgroup.net/contact,
http://www.classicsprinklers.com/contact,
http://www.creativespaceslandscaping.com/contact,
http://www.croftnow.com/contact,
http://www.curbingriverton.com/contact,
http://www.cutztreez.com/contact,
http://www.denkerspropertymaintenance.com/contact,
http://www.detailedlandscapeutah.com/contact,
http://www.dexknows.com/rd?dku=/contact,
http://www.discounttreellc.com/contact,
http://www.duracurbutah.com/contact,
http://www.earthscapesutah.com/contact,
http://www.eclipselandscape.com/contact,
http://www.enterprise.com/contact,
http://www.ericksonlandscaping.com/contact,
http://www.evergreenelandscape.com/contact,
http://www.evergreenelawn.com/contact,
http://www.extremerockwallsandlandscaping.com/contact,
http://www.facerexcavation.com/contact,
http://www.ffkr.com/contact,
http://www.fourseasonslandscapingllc.com/contact,
http://www.fredericolandscapes.com/contact,
http://www.fullmerbrothers.com/contact,
http://www.getgreenside.com/contact,
http://www.ggsprinklingandlandscaping.com/contact,
http://www.gilsonsprinklers.com/contact,
http://www.glovernursery.com/contact,
http://www.gotwaterfalls.com/contact,
http://www.granadosdxlandscaping.com/contact,
http://www.graniteviewlandscape.com/contact,
http://www.grassligroup.com/contact,
http://www.greatwesternlandscape.com/contact,
http://www.greenlawnutah.live/contact,
http://www.greenleaflandscaping.biz/contact,
http://www.greenseasonslandscape.com/contact,
http://www.greenutahlandscaping.com//contact,
http://www.hardscapedesignz.com/contact,
http://www.hoffmanslawncare.com/contact,
http://www.humanstruct.com/contact,
http://www.hummellandscapinginc.com/contact,
http://www.huskiezlandscaping.com/contact,
http://www.hydralawn.com/contact,
http://www.imagine-landscape.com/contact,
http://www.impressionscape.com/contact,
http://www.intermountainmaterial.com/contact,
http://www.ironwoodlandscapingllc.com/contact,
http://www.jacknealslandscaping.com/contact,
http://www.jimpufferlandscape.com/contact,
http://www.johansonsurvey.com/contact,
http://www.kapexcavating.com/contact,
http://www.kappuslandscape.com/contact,
http://www.kimballpm.com//contact,
http://www.kuhnilandscaping.net/contact,
http://www.landdesignbyarmstrong.com/contact,
http://www.landex.net/contact,
http://www.landscape-utah.com/contact,
http://www.landscape-utah.com//contact,
http://www.landscapeplus.com/contact,
http://www.laughlindesign.net/contact,
http://www.lawnbutler.net/contact,
http://www.letstalkdirt.com/contact,
http://www.lindennursery.com/contact,
http://www.lindsaylandscaping.com/contact,
http://www.loci-slc.com/contact,
http://www.lotuslandscapingut.com/contact,
http://www.lovelandlandscape.com/contact,
http://www.mayflowersutah.com/contact,
http://www.mckaylandscape.com/contact,
http://www.mcneilengineering.com/contact,
http://www.mcraelandscape.com/contact,
http://www.mdpropertyinc.com/contact,
http://www.methodgreen.com/contact,
http://www.mhtn.com/contact,
http://www.mplutah.com/contact,
http://www.mtnscape.com/contact,
http://www.mulchut.com/contact,
http://www.myvisionlandscaping.com/contact,
http://www.obrienscape.com/contact,
http://www.olympusirrigation.com//contact,
http://www.ortegaslandscapingllc.net/contact,
http://www.pandilandscape.com/contact,
http://www.pebblecreeklandscape.com/contact,
http://www.pendletondm.com/contact,
http://www.pittlandscape.com/contact,
http://www.pointoviewlandscape.com/contact,
http://www.precisionlandscaper.com/contact,
http://www.premierlandscapes.net/contact,
http://www.prestigesprinklerrepairs.com/contact,
http://www.pro-yard.com/contact,
http://www.progreen-intermountain.com/contact,
http://www.prosecutive.com/contact,
http://www.rciromerolandscape.com/contact,
http://www.richterlandscapeinc.com/contact,
http://www.rockscapesutah.com/contact,
http://www.rocksolidexcavation.com/contact,
http://www.rollinslandscaping.com/contact,
http://www.rothlandscape.com/contact,
http://www.sagesway.net/contact,
http://www.saltlaketopsoil.com/contact,
http://www.sbiwaterfalls.com/contact,
http://www.secondnaturescapes.com/contact,
http://www.senske.com/locations/salt-lake-city/contact,
http://www.simplytreesut.com/contact,
http://www.singletonlandscaping.com/contact,
http://www.slcscapes.com/contact,
http://www.slcsprinklerrepair.com/contact,
http://www.sonicutah.com/contact,
http://www.splashpadsusa.com/contact,
http://www.steve-n-son.com/contact,
http://www.studyearthology.com/contact,
http://www.summitgeostructures.com/contact,
http://www.sunscapelandscapes.com/contact,
http://www.sunsetslandscaping.com/contact,
http://www.superiorrockwork.com/contact,
http://www.superiorsprinkling.com/contact,
http://www.terra-scape.com/contact,
http://www.terraworkslandscapingutah.com/contact,
http://www.thecurbmasters.net/contact,
http://www.thinkaec.com/contact,
http://www.tiptonlandscaping.com/contact,
http://www.tmreconsulting.com/contact,
http://www.trucoutah.com/contact,
http://www.tucklandscape.com/contact,
http://www.utahcls.com/contact,
http://www.utahdreamscapes.com/contact,
http://www.utahlawn.com/contact,
http://www.valleydesignslandscape.com/contact,
http://www.wardlandscapesinc.com/contact,
http://www.wasatchlandscapesllc.com/contact,
http://www.wasatchlandscaping.com/contact,
http://www.westerntimberframe.com/pergola-kits/contact,
http://www.xeriscapedesign.com/contact,
http://www.yardproofutah.com/contact,
http://www.zenscapesutah.com/contact,
http://www.zollingerfarm.com/contact,
http://yard-guru.com//contact,
http://yardmasters.com/contact,
http://yardmastersinc.net/contact,
http://ylclandscaping.com/contact,
https://4-corners-landscaping-llc.business.site/contact,
https://acelandscaping.info/contact,
https://boldlandscaping.com/contact,
https://careygardens.com/contact,
https://cheaplandscapingllc.com/contact,
https://cottonwoodland.com/contact,
https://dirtmonkeyslandscaping.com/contact,
https://drycreekcompanies.com/contact,
https://fallingwaterspc.com/contact,
https://fullbloomdesign.com/contact,
https://greatvalleylandscaping.com/contact,
https://greenlandlandscaping.us/contact,
https://groundpursuitsut.com/contact,
https://h2olandscapeconnections.com/contact,
https://highmarklandscape.com/contact,
https://holmesutah.com/contact,
https://ingersollyardsandlandscapes.simdif.com/contact,
https://jandjservicesutah.com/contact,
https://kim17690.wixsite.com/edensgardendesign/contact,
https://landformdesigngroup.com/contact,
https://landscapinginsaltlake.com/contact,
https://landscapingparkcity.com/contact,
https://millburnlandscape.com/contact,
https://naturecleaningut.com/contact,
https://newhorizonlandscape-ut.com/contact,
https://olympusmaintenanceofutah.com/contact,
https://prestigetreeandlandscape.com/#!home/contact,
https://primelandscapingparkcity.com/contact,
https://pynecohomeservices.wixsite.com/pyneco/contact,
https://rajohnsonsrock.com/contact,
https://simplemonkeylawncare.com/contact,
https://sprinklersystemmidvale.com/contact,
https://staliservicesandlandscaping.com/contact,
https://stepaheadlandscapingandlawn.com/contact,
https://theamericanlawncare.com/contact,
https://thegreenpest.com/contact,
https://threepointslandscape.com/contact,
https://triplejlandscaping.net/contact,
https://tropicaltreeservicelandscaping.com/contact,
https://utahlandscape.net/contact,
https://vasadadesignutah.com/contact,
https://worxutah.com/contact,
https://www.aeroscapeutah.com/contact,
https://www.allyourlandscapingneeds.com/contact,
https://www.asl1.com/contact,
https://www.beegreenfertilizing.com/contact,
https://www.brotherspropertylandscapingllc.com/contact,
https://www.cmtlandscapedesign.com/contact,
https://www.curbdirectory.com/pages/84337.htm/contact,
https://www.dominioneng.net/contact,
https://www.dougstreeslc.com/contact,
https://www.greenfieldlandscapingutah.com/contact,
https://www.greenscapesutah.com/contact,
https://www.j2consultants.com/contact,
https://www.jslandscapingservices.com/contact,
https://www.kaysvillelandscaping.com/contact,
https://www.landscapesupplyofutah.com/contact,
https://www.larryslawns.com/contact,
https://www.leflerstreeservice.com/contact,
https://www.leisurelandscapeirrigation.com/contact,
https://www.outdoorsmenllc.com/contact,
https://www.platinumlandscape.com/contact,
https://www.rasmussenlandscapes.com/Contact/contact,
https://www.rockymountainlandscaping.net/contact,
https://www.saltlakecityconcretecontractor.com/contact,
https://www.sharkscapeconstruction.com/contact,
https://www.silversagexeriscape.com/contact,
https://www.solterralandscapeutah.com/contact,
https://www.supremetreeandlandscape.com/contact,
https://www.tetra-solutions.us/contact,
https://www.tmmtreeservice.com/contact,
https://www.treetrimminginvernalut.com/contact,
https://www.tucklandscape.com/contact,
https://www.tuxedoyardcare.com/contact,
https://www.verahomeimprovement.com/contact,
https://www.wagslandscape.com/contact,
https://www.westernsunlandscape.com/contact,
http://Activescapesutah.com,
http://Christensen-Landscaping.com,
http://Vizionlandscaping.com,
http://a-c-e-inc.net,
http://acesspray.com,
http://ajalandscaping.com,
http://allseasonsutah.com,
http://americasbesttrees.com,
http://andrescapes.com,
http://aoki-landscaping.com,
http://appletreelandscape.net,
http://arborlandscaping.com,
http://aspenlandscapedesign.com,
http://bearlake.com,
http://beautynthebesths.wixsite.com/website,
http://behunintree.com,
http://bradshawlandscape.com,
http://brothershomeandlawnutah.com,
http://burkeslandscaping.com,
http://bushmanlandscaping.blogspot.com,
http://canyonlandscape.com,
http://canyonlandscaping.com,
http://caribbeanlandscaping.net,
http://coolclippingsllc.com,
http://danslandscaping.com,
http://decorativeinc.com,
http://dojedallc.com,
http://dsklawncare.com,
http://eclipselandscape.com,
http://edgeut.com,
http://elementalinnovations-llc.com,
http://g2green.com,
http://gandccontracting.com,
http://goldenlinesutah.com/wp,
http://grassplusinc.com,
http://greenboxrecycling.com,
http://highdesertlandscape.com,
http://iamcurbing.com,
http://jacknealslandscaping.com,
http://jrsconstructionutah.com,
http://kjexcavation.com,
http://kuhnilandscaping.net,
http://landaservices.com,
http://landscapecompaniesfarmington.com,
http://lawncareut.info/,
http://lawnloyalty.com,
http://mlmlandscape.com,
http://mountainlandsprinklers.com,
http://mountainouslandscaping.com,
http://narrowleaflandscapes.com,
http://nyestreeservice.com,
http://oasislandscapingmaintenanceandconstruction.us,
http://parkcitybuildingservices.com,
http://parkwaylandscaping.com,
http://pointoviewlandscape.com,
http://premierlandscapes.net,
http://probrothers-landscaping.com,
http://rasmussenlandscapes.com,
http://redcedarrocklandscape.com,
http://rjlandscapingofutah.com,
http://rockandwallsofutah.com,
http://rockscapesutah.com,
http://saltlakelandscape.com,
http://sandypropertymaintenance.com,
http://scenicviewlandscape.com,
http://shawnameldrum.wix.com/fourleaf,
http://smithlandscaping.net,
http://sonicsolutionsutah.com,
http://stgeorgepoolslandscaping.com,
http://stonetreestg.com/#98nor7,
http://stronglandscape.com,
http://sunlinelandscape.com,
http://terraworkslandscapingutah.com,
http://terrenolandscaping.com,
http://thaynturf.com,
http://thehonestlandscapingllc.com,
http://timstreecaresaltlake.com,
http://truebluelandscape.net,
http://ttlandscaping.construction,
http://utahlawn.com,
http://utahlawncare.net/contact-us,
http://virgilslawncarellc.com,
http://visionlandscapesinc.com,
http://westernsunlandscape.com,
http://westjordanlandscapecompanies.com,
http://willowvalleyretirement.com,
http://winlandscapeservices.net,
http://woodwardco.com,
http://www.MagnaLawn.com,
http://www.SaltLakeLandscapers.com,
http://www.acesfulloflawncare.com,
http://www.actionsnowplow.com,
http://www.adlandscapes.com,
http://www.agtrac.net,
http://www.alderlandscaping.com,
http://www.allseasonsutah.com,
http://www.anchored.biz,
http://www.aoki-landscaping.com,
http://www.apluslandcare.com,
http://www.apluslandcare.com/,
http://www.aposhiangardens.com,
http://www.aquadocinc.com,
http://www.atozlandscaping.com,
http://www.automated-rain.com,
http://www.backyardgreens.com,
http://www.bearlakelandscape.com,
http://www.berg-la.com,
http://www.billssprinklers.com,
http://www.blackdiamondut.com,
http://www.blandtreeexperts.biz,
http://www.bockholtla.com,
http://www.bockholtlandscapearchitecture.com,
http://www.bonnevillesprinkling.com,
http://www.bonnevillesprinkling.com/,
http://www.buhlerlandscape.com,
http://www.butterssps.com,
http://www.bytendorpenterpriseslandscaping.us,
http://www.chrisjensenlandscaping.com,
http://www.civilsolutionsgroup.net,
http://www.classicsprinklers.com,
http://www.creativespaceslandscaping.com,
http://www.croftnow.com,
http://www.curbingriverton.com,
http://www.cutztreez.com,
http://www.denkerspropertymaintenance.com,
http://www.detailedlandscapeutah.com,
http://www.dexknows.com/rd?dku=,
http://www.discounttreellc.com,
http://www.duracurbutah.com,
http://www.earthscapesutah.com,
http://www.eclipselandscape.com,
http://www.enterprise.com,
http://www.ericksonlandscaping.com,
http://www.evergreenelandscape.com,
http://www.evergreenelawn.com,
http://www.extremerockwallsandlandscaping.com,
http://www.facerexcavation.com,
http://www.ffkr.com,
http://www.fourseasonslandscapingllc.com,
http://www.fredericolandscapes.com,
http://www.fullmerbrothers.com,
http://www.getgreenside.com,
http://www.ggsprinklingandlandscaping.com,
http://www.gilsonsprinklers.com,
http://www.glovernursery.com,
http://www.gotwaterfalls.com,
http://www.granadosdxlandscaping.com,
http://www.graniteviewlandscape.com,
http://www.grassligroup.com,
http://www.greatwesternlandscape.com,
http://www.greenlawnutah.live,
http://www.greenleaflandscaping.biz,
http://www.greenseasonslandscape.com,
http://www.greenutahlandscaping.com/,
http://www.hardscapedesignz.com,
http://www.hoffmanslawncare.com,
http://www.humanstruct.com,
http://www.hummellandscapinginc.com,
http://www.huskiezlandscaping.com,
http://www.hydralawn.com,
http://www.imagine-landscape.com,
http://www.impressionscape.com,
http://www.intermountainmaterial.com,
http://www.ironwoodlandscapingllc.com,
http://www.jacknealslandscaping.com,
http://www.jimpufferlandscape.com,
http://www.johansonsurvey.com,
http://www.kapexcavating.com,
http://www.kappuslandscape.com,
http://www.kimballpm.com/,
http://www.kuhnilandscaping.net,
http://www.landdesignbyarmstrong.com,
http://www.landex.net,
http://www.landscape-utah.com,
http://www.landscape-utah.com/,
http://www.landscapeplus.com,
http://www.laughlindesign.net,
http://www.lawnbutler.net,
http://www.letstalkdirt.com,
http://www.lindennursery.com,
http://www.lindsaylandscaping.com,
http://www.loci-slc.com,
http://www.lotuslandscapingut.com,
http://www.lovelandlandscape.com,
http://www.mayflowersutah.com,
http://www.mckaylandscape.com,
http://www.mcneilengineering.com,
http://www.mcraelandscape.com,
http://www.mdpropertyinc.com,
http://www.methodgreen.com,
http://www.mhtn.com,
http://www.mplutah.com,
http://www.mtnscape.com,
http://www.mulchut.com,
http://www.myvisionlandscaping.com,
http://www.obrienscape.com,
http://www.olympusirrigation.com/,
http://www.ortegaslandscapingllc.net,
http://www.pandilandscape.com,
http://www.pebblecreeklandscape.com,
http://www.pendletondm.com,
http://www.pittlandscape.com,
http://www.pointoviewlandscape.com,
http://www.precisionlandscaper.com,
http://www.premierlandscapes.net,
http://www.prestigesprinklerrepairs.com,
http://www.pro-yard.com,
http://www.progreen-intermountain.com,
http://www.prosecutive.com,
http://www.rciromerolandscape.com,
http://www.richterlandscapeinc.com,
http://www.rockscapesutah.com,
http://www.rocksolidexcavation.com,
http://www.rollinslandscaping.com,
http://www.rothlandscape.com,
http://www.sagesway.net,
http://www.saltlaketopsoil.com,
http://www.sbiwaterfalls.com,
http://www.secondnaturescapes.com,
http://www.senske.com/locations/salt-lake-city,
http://www.simplytreesut.com,
http://www.singletonlandscaping.com,
http://www.slcscapes.com,
http://www.slcsprinklerrepair.com,
http://www.sonicutah.com,
http://www.splashpadsusa.com,
http://www.steve-n-son.com,
http://www.studyearthology.com,
http://www.summitgeostructures.com,
http://www.sunscapelandscapes.com,
http://www.sunsetslandscaping.com,
http://www.superiorrockwork.com,
http://www.superiorsprinkling.com,
http://www.terra-scape.com,
http://www.terraworkslandscapingutah.com,
http://www.thecurbmasters.net,
http://www.thinkaec.com,
http://www.tiptonlandscaping.com,
http://www.tmreconsulting.com,
http://www.trucoutah.com,
http://www.tucklandscape.com,
http://www.utahcls.com,
http://www.utahdreamscapes.com,
http://www.utahlawn.com,
http://www.valleydesignslandscape.com,
http://www.wardlandscapesinc.com,
http://www.wasatchlandscapesllc.com,
http://www.wasatchlandscaping.com,
http://www.westerntimberframe.com/pergola-kits,
http://www.xeriscapedesign.com,
http://www.yardproofutah.com,
http://www.zenscapesutah.com,
http://www.zollingerfarm.com,
http://yard-guru.com/,
http://yardmasters.com,
http://yardmastersinc.net,
http://ylclandscaping.com,
https://4-corners-landscaping-llc.business.site,
https://acelandscaping.info,
https://boldlandscaping.com,
https://careygardens.com,
https://cheaplandscapingllc.com,
https://cottonwoodland.com,
https://dirtmonkeyslandscaping.com,
https://drycreekcompanies.com,
https://fallingwaterspc.com,
https://fullbloomdesign.com,
https://greatvalleylandscaping.com,
https://greenlandlandscaping.us,
https://groundpursuitsut.com,
https://h2olandscapeconnections.com,
https://highmarklandscape.com,
https://holmesutah.com,
https://ingersollyardsandlandscapes.simdif.com,
https://jandjservicesutah.com,
https://kim17690.wixsite.com/edensgardendesign,
https://landformdesigngroup.com,
https://landscapinginsaltlake.com,
https://landscapingparkcity.com,
https://millburnlandscape.com,
https://naturecleaningut.com,
https://newhorizonlandscape-ut.com,
https://olympusmaintenanceofutah.com,
https://prestigetreeandlandscape.com/#!home,
https://primelandscapingparkcity.com,
https://pynecohomeservices.wixsite.com/pyneco,
https://rajohnsonsrock.com/residential-commercial-excavation-services,
https://simplemonkeylawncare.com,
https://sprinklersystemmidvale.com,
https://staliservicesandlandscaping.com,
https://stepaheadlandscapingandlawn.com,
https://theamericanlawncare.com,
https://thegreenpest.com,
https://threepointslandscape.com,
https://triplejlandscaping.net,
https://tropicaltreeservicelandscaping.com,
https://utahlandscape.net,
https://vasadadesignutah.com,
https://worxutah.com,
https://www.aeroscapeutah.com,
https://www.allyourlandscapingneeds.com,
https://www.asl1.com,
https://www.beegreenfertilizing.com,
https://www.brotherspropertylandscapingllc.com,
https://www.cmtlandscapedesign.com,
https://www.curbdirectory.com/pages/84337.htm,
https://www.dominioneng.net,
https://www.dougstreeslc.com,
https://www.greenfieldlandscapingutah.com,
https://www.greenscapesutah.com,
https://www.j2consultants.com,
https://www.jslandscapingservices.com,
https://www.kaysvillelandscaping.com,
https://www.landscapesupplyofutah.com,
https://www.larryslawns.com,
https://www.leflerstreeservice.com,
https://www.leisurelandscapeirrigation.com,
https://www.outdoorsmenllc.com,
https://www.platinumlandscape.com,
https://www.rasmussenlandscapes.com/Contact,
https://www.rockymountainlandscaping.net,
https://www.saltlakecityconcretecontractor.com,
https://www.sharkscapeconstruction.com,
https://www.silversagexeriscape.com,
https://www.solterralandscapeutah.com,
https://www.supremetreeandlandscape.com,
https://www.tetra-solutions.us,
https://www.tmmtreeservice.com,
https://www.treetrimminginvernalut.com,
https://www.tucklandscape.com,
https://www.tuxedoyardcare.com,
https://www.verahomeimprovement.com,
https://www.wagslandscape.com,
https://www.westernsunlandscape.com,



